pos,Isoep,Mass,Enc
25,5.97,57.0,-1.62
26,6.0,71.1,-0.22
27,5.74,131.2,3.51
28,5.97,57.0,-1.62
29,5.68,87.1,-2.84
30,10.76,156.2,-0.93
31,2.77,115.1,-4.12
32,5.66,101.1,-1.2
33,5.74,131.2,3.51
34,5.48,147.2,5.27
35,5.66,101.1,-1.2
36,9.74,128.2,-4.18
37,6.02,113.2,5.58
38,5.48,147.2,5.27
39,5.96,99.1,4.45
40,5.97,57.0,-1.62
41,5.97,57.0,-1.62
42,5.98,113.2,5.01
43,6.3,97.1,-3.03
44,5.66,163.2,2.15
45,7.59,137.1,1.28
46,5.66,101.1,-1.2
47,5.68,87.1,-2.84
48,2.77,115.1,-4.12
49,9.74,128.2,-4.18
50,5.66,101.1,-1.2
51,5.98,113.2,5.01
52,7.59,137.1,1.28
53,3.22,129.1,-3.64
54,5.66,163.2,2.15
55,5.48,147.2,5.27
56,3.22,129.1,-3.64
57,5.65,128.1,-2.76
58,5.48,147.2,5.27
59,5.97,57.0,-1.62
60,2.77,115.1,-4.12
61,6.02,113.2,5.58
62,3.22,129.1,-3.64
63,3.22,129.1,-3.64
64,6.0,71.1,-0.22
65,5.96,99.1,4.45
66,5.96,99.1,4.45
67,6.02,113.2,5.58
68,5.66,101.1,-1.2
69,2.77,115.1,-4.12
70,10.76,156.2,-0.93
71,5.41,114.1,-2.65
72,5.66,101.1,-1.2
73,5.65,128.1,-2.76
74,9.74,128.2,-4.18
75,5.68,87.1,-2.84
76,10.76,156.2,-0.93
77,5.97,57.0,-1.62
78,5.66,163.2,2.15
79,5.97,57.0,-1.62
80,5.48,147.2,5.27
81,5.96,99.1,4.45
82,5.66,101.1,-1.2
83,5.74,131.2,3.51
84,9.74,128.2,-4.18
85,2.77,115.1,-4.12
86,10.76,156.2,-0.93
87,6.0,71.1,-0.22
88,5.68,87.1,-2.84
89,6.0,71.1,-0.22
90,3.22,129.1,-3.64
91,10.76,156.2,-0.93
92,6.0,71.1,-0.22
93,5.05,103.1,4.66
94,9.74,128.2,-4.18
95,2.77,115.1,-4.12
96,6.3,97.1,-3.03
97,5.41,114.1,-2.65
98,6.3,97.1,-3.03
99,6.02,113.2,5.58
100,6.02,113.2,5.58
101,2.77,115.1,-4.12
102,5.97,57.0,-1.62
103,10.76,156.2,-0.93
104,9.74,128.2,-4.18
105,6.0,71.1,-0.22
106,5.41,114.1,-2.65
107,5.96,99.1,4.45
108,5.41,114.1,-2.65
109,5.98,113.2,5.01
110,6.0,71.1,-0.22
111,5.66,163.2,2.15
112,5.98,113.2,5.01
113,5.97,57.0,-1.62
114,6.0,71.1,-0.22
115,9.74,128.2,-4.18
116,6.3,97.1,-3.03
117,10.76,156.2,-0.93
118,5.66,101.1,-1.2
119,5.41,114.1,-2.65
120,5.96,99.1,4.45
121,5.65,128.1,-2.76
