pos,res,IP
25,G,1.526700213
26,A,0.537034747
27,M,0.802512644
28,G,1.526700213
29,S,1.309857471
30,R,3.577135397
31,D,0.511884153
32,T,1.618382683
33,M,0.881722533
34,F,0.96457883
35,T,0.700756039
36,K,1.62773651
37,I,1.118789003
38,F,1.351177701
39,V,0.712900439
40,G,1.526700213
41,G,1.526700213
42,L,0.564168669
43,P,0.178812671
44,Y,1.69400695
45,H,1.062912582
46,T,1.618382683
47,S,1.309857471
48,D,0.511884153
49,K,1.62773651
50,T,1.618382683
51,L,0.564168669
52,H,1.330374671
53,E,0.47678474
54,Y,1.331906597
55,F,1.351177701
56,E,0.146422043
57,Q,0.602826939
58,F,0.96457883
59,G,1.526700213
60,D,0.511884153
61,I,1.118789003
62,E,0.47678474
63,E,0.47678474
64,A,0.537034747
65,V,0.712900439
66,V,0.712900439
67,I,1.118789003
68,T,1.618382683
69,D,0.511884153
70,R,2.461590932
71,N,0.762751023
72,T,0.700756039
73,Q,1.370777902
74,K,1.62773651
75,S,1.309857471
76,R,3.577135397
77,G,1.526700213
78,Y,1.331906597
79,G,1.526700213
80,F,1.351177701
81,V,0.712900439
82,T,1.618382683
83,M,0.802512644
84,K,1.62773651
85,D,0.511884153
86,R,3.577135397
87,A,0.537034747
88,S,1.309857471
89,A,0.537034747
90,E,0.47678474
91,R,3.577135397
92,A,0.537034747
93,C,1.067631211
94,K,1.62773651
95,D,0.511884153
96,P,0.178812671
97,N,1.610533641
98,P,0.178812671
99,I,1.118789003
100,I,1.118789003
101,D,0.301954559
102,G,0.727279968
103,R,3.577135397
104,K,1.62773651
105,A,0.537034747
106,N,1.610533641
107,V,0.712900439
108,N,1.610533641
109,L,0.564168669
110,A,0.459874767
111,Y,1.69400695
112,L,0.372429671
113,G,0.727279968
114,A,0.537034747
115,K,1.62773651
116,P,0.593084804
117,R,2.461590932
118,T,1.618382683
119,N,1.610533641
120,V,0.712900439
121,Q,1.370777902
