pos,res,Isoep,Mass,PM,PQ,PR,Theta,probC,probH,probE,DsdDPXa,DmDPXs,HSEup,CN,DaSASAnp,MI,DI,Cm,Bh,Ch,Ks,F4,K3,Enc,IP,Tau,BmCXa,DsdCXa,HSEdown,Cp,F5,PN,K10,PG
25,G,5.97,57.0,-3,-2,-2,113.9,0.976,0.021,0.003,0.0,0.0,0.0,11.8080239616,0.0,3.976126752,2.375236846,0.0,0.0,0.0702882132199143,0.0,0.098469696,1.11e-06,-1.62,1.526700213,2.1,0.01542,-0.0005779999999999952,11.8080239616,0.0,0.096087975,0,6.05e-06,5
26,A,6.0,71.1,-1,-1,-2,106.4,0.898,0.09,0.012,0.0,0.0,0.0,5.71671776,0.0,4.672570156,2.195966815,0.0688684018850289,0.101123349494262,0.146861548414157,0.122080880956901,0.111307503,3.26e-07,-0.22,0.537034747,-71.1,0.098284,-0.00039000000000000146,5.71671776,0.0804657012441014,0.116234,-1,3.22e-06,3
27,M,5.74,131.2,2,-1,-2,104.4,0.856,0.13,0.015,0.0,0.0,0.0,7.3089866368,0.0,3.980977008,2.285002125,0.255052619828801,0.127234548546256,0.263346679730764,0.0379676619851292,0.192846179,3.39e-08,3.51,0.802512644,60.0,0.70518,0.0,7.3089866368,0.270738774076405,0.316206959,1,9.16e-08,-2
28,G,5.97,57.0,-2,0,-1,106.6,0.888,0.101,0.011,0.0,0.0,3.6836295844,11.4521785508,0.0,3.717445337,2.114847994,0.0,0.0171660695089458,0.0498296226647938,0.0287336244541485,0.185776083,3.39e-08,-1.62,1.526700213,34.0,0.71879,0.0,7.7685489664,0.0,0.453443303,0,6.32e-08,4
29,S,5.68,87.1,-1,4,0,108.0,0.888,0.096,0.015,0.0,0.0,0.0,9.617928784,0.0,4.272858906,2.208315096,0.0479541702529188,0.0016797367258004,0.0398863232138554,0.0829124738940573,0.08428299,5.2e-07,-2.84,1.309857471,97.7,0.079726,0.0,9.617928784,0.0352686112981574,0.147331891,1,3.31e-06,-1
30,R,10.76,156.2,-1,1,3,106.9,0.883,0.1,0.017,0.0,0.0,0.0,12.2841717536,0.0,2.887583495,1.87350319,0.177762860955991,0.0036487835881899,0.0424192651278128,0.0280349344978166,0.06637518,1.03e-07,-0.93,3.577135397,171.3,0.99875,0.0,12.2841717536,0.185827460251608,0.112177754,0,4.82e-06,-2
31,D,2.77,115.1,-3,0,-2,106.7,0.897,0.077,0.027,0.0,0.0,1.7654001384,13.5767707976,0.0,0.043615206,0.573393671,0.154695914092325,0.0,0.0,0.0523144104803493,0.049723243,2.16e-06,-4.12,0.511884153,86.4,0.21862,0.0030900000000000094,11.8113706592,0.0996773650035876,0.074139174,1,5.06e-05,-1
32,T,5.66,101.1,-1,-1,-1,105.4,0.839,0.085,0.075,0.0,0.0,2.951307664,15.6216679488,0.20999999999999908,0.023242251,0.517924966,0.169143442003616,0.0621319201191082,0.129939501111433,0.0876481597005614,0.025908182,0.000700603,-1.2,1.618382683,164.9,0.0,0.0,12.6703602848,0.147677381793551,0.029565531,0,0.003534722,-2
33,M,5.74,131.2,2,-1,-1,103.3,0.822,0.056,0.121,0.0,0.0,2.5080027944,21.55342204496,0.0,3.771071897,2.122927048,0.406383575620498,0.219472338283,0.419598769103445,0.137117903930131,0.02944323,2.44e-05,3.51,0.881722533,117.8,0.072749,0.0,19.04541925056,0.431376831738215,0.032855598,0,0.000289666,-2
34,F,5.48,147.2,0,-3,-3,118.1,0.771,0.026,0.202,0.0,0.0,9.46200144484,23.36743889796,0.0,0.686579585,1.013761675,0.62854544481295,0.303902015324374,0.740138067061144,0.314660012476606,0.023908089,5.39e-05,5.27,0.96457883,62.2,0.079093,0.0,13.90543745312,0.720268588750778,0.023300883,-3,0.013135772,-3
35,T,5.66,101.1,-1,-1,-1,119.7,0.602,0.011,0.387,0.0,0.0,16.99339014096,33.55124240784,0.0,0.0,0.467998186,0.295749030836654,0.0030056934710062,0.227200540948453,0.171927635683094,0.019070654,0.008031793,-1.2,0.700756039,-166.2,0.0,0.0,16.55785226688,0.258215405957054,0.018523526,0,0.44547805,-2
36,K,9.74,128.2,-1,1,2,122.7,0.065,0.0,0.935,0.015100000000000113,0.01450000000000018,11.51677121408,33.0498546176,8.240000000000002,0.0,0.467998186,0.595418252688076,0.0590077114475536,0.176037458097096,0.532183406113537,0.009581841,0.199844911,-4.18,1.62773651,-160.6,0.0,0.0,21.53308340352,0.652913258882881,0.009329367,0,0.808167357,-2
37,I,6.02,113.2,1,-3,-3,121.8,0.024,0.0,0.976,-0.17110000000000003,0.19600000000000062,17.04568030884,31.7748463706,0.0,0.092627279,0.650181871,0.528646814926498,0.419256024083339,0.792569659442725,1.0,0.004790921,1.0,5.58,1.118789003,-160.2,0.0,0.0,14.72916606176,0.624161073825503,0.004912565,-3,0.981283917,-4
38,F,5.48,147.2,0,-3,-3,117.9,0.025,0.0,0.975,-0.29156000000000004,3.7057200000000003,22.81935303316,40.18672293812,57.25,0.0,0.467998186,0.841389532877713,0.655916045558133,0.990770719362882,0.790393013100437,0.001488441,0.322829059,5.27,1.351177701,-157.6,0.0,0.0,17.36736990496,0.964172847702133,0.001622499,-3,0.74732286,-3
39,V,5.96,99.1,1,-2,-3,119.8,0.133,0.001,0.866,-0.05069999999999997,1.2348999999999997,21.92951383764,39.42200479924,0.0,0.0,0.467998186,0.361895712993164,0.261023609333173,0.627271275997163,0.9,0.004232755,0.297955229,4.45,0.712900439,-167.9,0.0,0.0,17.4924909616,0.428762426697378,0.004101316,-3,0.861204377,-3
40,G,5.97,57.0,-3,-2,-2,127.7,0.776,0.009,0.216,-0.015029999999999988,1.7805,18.921818350104,36.040519609944,3.58,0.0,0.467998186,0.0,0.074733130888123,0.175254192080356,0.774847161572052,0.010930741,0.019278856,-1.62,1.526700213,-175.5,0.0,0.0,17.11870125984,0.0,0.010771588,0,0.10344207,6
41,G,5.97,57.0,-3,-2,-2,99.3,0.951,0.002,0.046,0.030179999999999985,0.58535,9.65220872488,29.35823493768,18.830000000000002,0.0,0.467998186,0.0,0.0060079393870808,0.132027100320285,0.286812227074236,0.025117447,0.000172038,-1.62,1.526700213,13.2,0.0,0.0,19.7060262128,0.0,0.025419145,0,0.002391699,6
42,L,5.98,113.2,2,-2,-2,120.4,0.958,0.0,0.042,-0.63136,0.7259000000000002,15.08020311532,35.6353188839776,0.0,0.014612348,0.452377052,0.37036715507758,0.322477328274892,0.548763028851547,0.683817107629078,0.028187358,0.000186637,5.01,0.564168669,146.9,0.0,0.0,20.5551157686576,0.437283938341821,0.029069767,-4,0.000916994,-4
43,P,6.3,97.1,-3,-1,-2,115.1,0.994,0.001,0.005,-0.18580000000000008,0.2265999999999999,23.52028204992,41.79478089792,3.75,0.0,0.467998186,0.188227387253164,0.0,0.126584473714743,0.189158259298298,0.05079306,1.55e-06,-3.03,0.178812671,-108.5,0.0,0.0,18.274498848,0.21919171862383,0.054128358,-2,1.45e-05,-2
44,Y,5.66,163.2,-1,-2,-2,93.8,0.993,0.006,0.001,0.15667999999999993,0.6920900000000001,15.68274083848,37.0916377252,66.43,0.0,0.467998193,0.500636187323196,0.0436350899003048,0.461887256415828,0.128782988418455,0.052886181,1.27e-07,2.15,1.69400695,-111.8,0.018284,-0.222369,21.40889688672,0.500636187323196,0.0570128,-2,3.72e-05,-3
45,H,7.59,137.1,-2,0,0,98.8,0.989,0.006,0.005,0.0,0.0,17.533786899336,42.599047936776,0.0,0.0,0.467998186,0.288179879241801,0.0006994862304109,0.0792054166850364,0.0488075243533759,0.066142611,1.99e-07,1.28,1.062912582,53.6,0.19979,-0.018740000000000007,25.06526103744,0.294709526471569,0.072471606,1,2.05e-06,-2
46,T,5.66,101.1,-1,-1,-1,120.5,0.982,0.001,0.017,0.0,0.0,11.41292173852,36.8913821686,0.0,0.0,0.467998186,0.220803015423439,0.04191640819445,0.169625457115911,0.195508421709295,0.036327271,3.05e-06,-1.2,1.618382683,120.8,0.0,0.0,25.47846043008,0.192780818597492,0.038399135,0,0.000402123,-2
47,S,5.68,87.1,-1,0,-1,124.4,0.915,0.002,0.083,0.0,0.0,20.56971430376,33.73814116136,0.0,2.297933589,2.063965438,0.125482505514469,0.0141559615077355,0.10437123082804,0.0685589519650655,0.021582399,2.15e-05,-2.84,1.309857471,-131.7,0.02228,0.0,13.1684268576,0.0922879843060018,0.022219218,2,0.000861152,-1
48,D,2.77,115.1,-3,0,-2,92.3,0.039,0.961,0.0,0.0,0.0,6.3450188444,23.06467042008,0.0,0.0,0.467998186,0.27156358899423,0.0,0.0,0.180524017467249,0.010279548,0.000122029,-4.12,0.511884153,-107.3,0.0,0.0,16.71965157568,0.174980335716605,0.010140617,1,0.009475588,-1
49,K,9.74,128.2,-1,1,1,91.8,0.012,0.988,0.0,0.0,0.0,4.4425724204,18.44124643576,0.0,5.441987277,2.638556784,0.312020913163796,0.0003391024319071,0.0922500581373083,0.0946724890829694,0.012791293,2.38e-06,-4.18,1.62773651,56.2,0.51713,0.0,13.99867401536,0.342150396521538,0.012439156,0,0.001636511,-1
50,T,5.66,101.1,-1,0,-1,93.2,0.006,0.994,0.0,0.0,0.0,0.867273615600002,17.17562463,0.0,2.315382379,2.079695799,0.189400630759814,0.0002710101546952,0.145501493759332,0.254522769806613,0.015303037,9.04e-06,-1.2,1.618382683,50.6,0.0,0.0,16.3083510144,0.165363722822067,0.014963043,0,0.058788181,-1
51,L,5.98,113.2,2,-2,-2,93.6,0.003,0.997,0.0,0.0,0.0,6.121756738,21.64532445928,0.0,0.0,0.467998186,0.350788328138123,0.310240290453636,0.519753608806171,0.8,0.009116703,0.001000686,5.01,0.564168669,51.3,0.0,0.0,15.52356772128,0.414167669971843,0.008833604,-4,0.938737988,-4
52,H,7.59,137.1,-1,1,5,92.7,0.005,0.995,0.0,0.0,0.0,23.9614450918,36.6529363974,0.0,4.227330065,2.143438851,0.464897032465305,0.0217598904837681,0.127775621493529,0.435539133355727,0.009488813,2.68e-05,1.28,1.330374671,53.1,0.02157,0.0,12.6914913056,0.475430778360929,0.009419506,0,0.229724264,-2
53,E,3.22,129.1,-2,2,1,91.8,0.01,0.99,0.0,0.0,0.0,2.5579793988,23.719061967952,0.0,4.60449697,2.452821361,0.358292098453389,0.0,0.0147021280593856,0.195748103884165,0.014093679,5.42e-07,-3.64,0.47678474,50.2,0.091327,0.0,21.161082569152,0.267362748635501,0.014151794,0,0.003403898,-2
54,Y,5.66,163.2,-1,-1,-1,93.8,0.015,0.985,0.0,0.0,0.0,0.6145888848,15.50473879552,0.0,0.563441948,1.321677006,0.529783037475345,0.0060717356092059,0.488778158413786,0.300208847541295,0.013768082,1.39e-06,2.15,1.331906597,49.3,0.00032149,0.0,14.89014991072,0.529783037475345,0.013881377,-1,0.002033328,-3
55,F,5.48,147.2,0,-3,-3,93.8,0.047,0.953,0.0,0.0,0.0,17.274118768892,28.686472500092,0.0,0.0,0.467998186,0.563512373116001,0.311884800628899,0.663558955116178,0.597754210854648,0.01386111,0.000811853,5.27,1.351177701,50.2,0.0,0.0,11.4123537312,0.645745291891583,0.014692627,-3,0.009840369,-3
56,E,3.22,129.1,-2,2,0,92.8,0.147,0.853,0.0,0.0,0.0,18.883460147432,36.703411362792,0.0,2.401943751,2.040117893,0.308587462460853,0.0003787526661263,0.0126625521751787,0.0673178579636865,0.02269873,6.12e-06,-3.64,0.146422043,56.0,0.031956,0.0,17.81995121536,0.23027242999254,0.024743104,0,0.0025113,-2
57,Q,5.65,128.1,1,3,0,92.8,0.308,0.691,0.002,0.0,0.0,1.8040275748,18.02423198248,0.0,3.985452335,2.668223518,0.283056901500769,0.0004280030922048,0.0523336516779796,0.0349344978165939,0.032652682,3.79e-08,-2.76,0.602826939,48.5,0.23046,0.0,16.22020440768,0.25525826414075,0.036776636,-1,2.31e-06,-2
58,F,5.48,147.2,0,-3,-3,102.8,0.429,0.569,0.002,0.0,0.0,10.6511460116,20.9529669908,0.0,0.362331626,0.84915481,0.523117999322928,0.153730508995694,0.615992921528507,0.376481597005614,0.03655984,3.09e-06,5.27,0.96457883,32.2,0.0,0.0,10.3018209792,0.59945619880291,0.04101316,-3,0.000156515,-3
59,G,5.97,57.0,-3,-2,-2,130.3,0.914,0.006,0.081,0.0,0.0,18.752947037704,32.157732306504,0.0,0.0,0.467998186,0.0,0.0058930476427149,0.100812589849328,0.13292576419214,0.047258012,5.14e-06,-1.62,1.526700213,-115.7,0.013765,0.0,13.4047852688,0.0,0.052595998,0,0.000149989,6
60,D,2.77,115.1,-3,0,-1,115.6,0.487,0.005,0.508,0.0,0.0,8.5281258856,26.47450789104,0.0,1.470357563,1.063201342,0.257690322937877,0.0,0.0,0.0475982532751092,0.040699567,2.76e-06,-4.12,0.511884153,-34.3,0.12312,0.0,17.94638200544,0.166041181682674,0.04407788,1,6.93e-05,-2
61,I,6.02,113.2,1,-3,-3,111.3,0.06,0.0,0.94,0.0,0.0,5.0380263712,18.74227937344,0.0,0.020014005,0.482834855,0.355195506910546,0.134112411363267,0.532524123855393,0.540711166562695,0.023722034,0.001501066,5.58,1.118789003,-123.4,0.0,0.0,13.70425300224,0.419371124069111,0.024923382,-3,0.031598591,-4
62,E,3.22,129.1,-2,2,0,99.3,0.037,0.0,0.962,0.0,0.0,18.1274305323624,29.7340107051624,0.0,0.354700884,0.819101382,0.423478661764935,4.62108022444305e-05,0.0173769880568418,0.165961847851069,0.02195451,0.000143072,-3.64,0.47678474,-179.9,0.094355,-0.0031799999999999884,11.6065801728,0.316005905479622,0.022534703,0,0.000486232,-2
63,E,3.22,129.1,-2,2,0,142.7,0.015,0.0,0.985,-0.0036000000000000476,0.16031,13.80144122932,29.82059726708,7.989999999999998,0.0,0.467998186,0.471757920954537,0.000869739542833,0.0193580751483009,0.26626062974029,0.00981441,0.000415849,-3.64,0.47678474,2.4,0.054966,-0.03978000000000001,16.01915603776,0.352032587325906,0.010005408,0,0.010106875,-2
64,A,6.0,71.1,-1,-1,-1,134.7,0.011,0.0,0.989,0.0,0.0,7.8674366924,22.65357612216,0.0,0.0,0.467998186,0.101177519111267,0.0796596115661385,0.215760591427544,0.671292956142016,0.004697893,0.032394465,-0.22,0.537034747,-170.6,0.0,0.0,14.78613942976,0.118215608357196,0.004687218,-2,0.332784605,0
65,V,5.96,99.1,1,-2,-3,120.4,0.008,0.0,0.992,0.015800000000000036,0.2067,23.20573274216,33.54471254376,20.999999999999993,0.0,0.467998186,0.32258996650718,0.243342158587726,0.559142904018493,0.543808987181293,0.004372296,0.002449148,4.45,0.712900439,-159.4,0.0,-0.024817,10.3389798016,0.382194239671628,0.004236524,-3,0.313559115,-3
66,V,5.96,99.1,1,-2,-3,119.1,0.026,0.0,0.974,0.0,0.0,13.53415596244,34.256308948104,0.0,0.0,0.467998186,0.30237970714283,0.213117472583342,0.524112604613014,0.572615861388928,0.009116703,0.068759794,4.45,0.712900439,-157.1,0.0,0.0,20.722152985664,0.358249772969957,0.00910402,-3,0.605457575,-3
67,I,6.02,113.2,1,-3,-3,116.6,0.11,0.001,0.89,-0.09840000000000004,0.9474699999999999,23.87828827708,41.17222641916,37.75,0.0,0.467998186,0.404854409567907,0.279874719016124,0.606974850609353,0.577379912663755,0.015070468,0.00118915,5.58,1.118789003,-158.5,0.0,0.0,17.29393814208,0.478002242487793,0.014917974,-3,0.046802408,-4
68,T,5.66,101.1,-1,-1,-1,122.0,0.194,0.002,0.804,0.0,0.0,24.9936097834,43.7724410106,0.0,0.0,0.467998186,0.229008681930684,0.087576931489771,0.175929220357381,0.280973175296319,0.051630308,5.01e-05,-1.2,1.618382683,-157.8,0.0,0.0,18.7788312272,0.199945100767149,0.050432666,0,0.001095675,-2
69,D,2.77,115.1,-3,0,-2,108.6,0.714,0.007,0.28,0.14297000000000015,0.29081999999999997,15.14199268664,40.12339839416,0.0,0.0,0.467998186,0.21051101741535,0.0,0.0,0.0832314410480349,0.126284943,5.8e-07,-4.12,0.511884153,-140.6,0.062567,-0.033259,24.98140570752,0.135641485059931,0.12236344,1,1.23e-06,-1
70,R,10.76,156.2,-1,1,6,94.6,0.966,0.026,0.008,0.18213000000000001,0.11409999999999998,23.13604772696,37.63408610392,35.059999999999995,0.122042994,0.790639386,0.24765037509375,0.0206967560857559,0.0590964100353043,0.03117903930131,0.228568771,1.88e-07,-0.93,2.461590932,-164.4,0.55592,-0.26983,14.49803837696,0.258885573659972,0.222237245,-1,1.23e-06,-2
71,N,5.41,114.1,-1,5,1,92.6,0.963,0.034,0.003,0.0,0.0,6.6106436868,25.69348813256,0.0,1.755166238,1.415482262,0.0939778187490915,0.0005541236755225,0.0211071228540762,0.046943231441048,0.490767012,2.34e-08,-2.65,0.762751023,52.7,0.64076,-0.018680000000000002,19.08284444576,0.0786059620865708,0.4802596,1,5.5e-08,-2
72,T,5.66,101.1,-1,-1,-1,100.3,0.96,0.033,0.006,0.0,0.0,7.4962411776,24.31995401728,0.0,0.053823305,0.718807293,0.0789917686382671,0.0022629347917053,0.0606831153911766,0.0567685589519651,0.391180985,1.02e-08,-1.2,0.700756039,35.3,0.55232,0.00494,16.82371283968,0.0689668924645144,0.3799351,0,1.72e-08,-2
73,Q,5.65,128.1,-2,2,-1,92.7,0.977,0.016,0.007,0.0,0.0,10.90149376892,23.02976818492,0.0,3.331061101,2.081003374,0.191116286074099,0.0121191531313236,0.0353349912768822,0.0353711790393013,0.1814503,1.86e-07,-2.76,1.370777902,-120.4,0.51022,0.02018000000000003,12.128274416,0.172347012821974,0.175815756,0,3.48e-06,5
74,K,9.74,128.2,-1,1,2,127.6,0.448,0.02,0.532,0.0,0.0,3.6356699856,20.44847956736,5.049999999999997,0.0,0.467998186,0.276424944460618,0.0373751946156808,0.0817259873337651,0.0461572052401747,0.105167682,3.86e-08,-4.18,1.62773651,116.8,0.47846,-0.03541,16.81280958176,0.303117196205356,0.102848387,0,2.06e-06,-2
75,S,5.68,87.1,-2,0,-1,112.5,0.357,0.016,0.626,0.1150199999999999,0.0,14.11728969844,26.40183005044,0.22999999999999998,0.0,0.467998186,0.167258996757344,0.071639205374326,0.139119212571143,0.342794759825327,0.043722964,9.43e-06,-2.84,1.309857471,-108.8,0.0,0.0,12.284540352,0.123013129236565,0.043897602,1,0.000395431,0
76,R,10.76,156.2,-1,1,6,100.0,0.694,0.031,0.274,0.0,0.0,11.83451252216,32.4447221180512,2.1000000000000014,0.0,0.467998186,0.568373528237543,0.0085500267137556,0.135630059373918,0.237903930131004,0.03423415,7.65e-07,-0.93,3.577135397,-171.6,0.0071015,-0.149534,20.6102095958912,0.594159031074418,0.034568235,-1,3e-05,-2
77,G,5.97,57.0,-3,-2,-2,134.8,0.469,0.009,0.522,-0.54653,1.3397000000000001,14.36430686824,35.113674529008,3.51,0.0,0.467998186,0.0,0.0267508176661674,0.116675171894415,0.537117903930131,0.027024513,0.001091145,-1.62,1.526700213,-96.7,0.0,0.0,20.749367660768,0.0,0.027943032,0,0.004858207,6
78,Y,5.66,163.2,-1,-2,-2,127.3,0.278,0.003,0.718,-0.019099999999999895,1.1757999999999997,19.7094952194,44.077315469,20.92,0.0,0.467998193,0.762560231036052,0.206964202792965,0.703538541327379,0.625023732675147,0.01251221,0.065701532,2.15,1.331906597,-34.2,0.0,-0.045397,24.3678202496,0.762560231036052,0.012619434,-2,0.152864344,-3
79,G,5.97,57.0,-3,-2,-2,140.8,0.06,0.0,0.94,0.21353999999999995,0.0002999999999993008,18.096499521132,43.244205541612,0.0,0.0,0.467998186,0.0,0.0552732897886088,0.180834962449633,0.8,0.005116517,0.76423837,-1.62,1.526700213,177.2,0.0,0.0,25.14770602048,0.0,0.005047774,0,0.844548598,6
80,F,5.48,147.2,0,-3,-3,127.5,0.008,0.0,0.992,-0.49102,2.82173,22.79058167496,42.741017858352,47.309999999999995,0.0,0.467998186,0.792752817340805,0.52666240071736,0.933498989971219,0.724828446662508,0.001302386,0.388115282,5.27,1.351177701,-132.8,0.0,0.0,19.950436183392,0.908438614401522,0.001307013,-3,0.628729635,-3
81,V,5.96,99.1,1,-2,-3,125.4,0.004,0.0,0.996,0.12012,0.2477999999999998,20.96737594724,45.98771898276,0.0,0.0,0.467998186,0.353871417804846,0.184279529163048,0.613362821983922,0.9,0.004325783,0.904410972,4.45,0.712900439,-162.1,0.0,0.0,25.02034303552,0.41925549927615,0.004416802,-3,0.867181905,-3
82,T,5.66,101.1,-1,-1,-1,121.8,0.009,0.0,0.991,0.0038000000000000256,0.15779999999999994,23.48665274216,43.329995261872,0.0,0.092627279,0.650181871,0.354356147259459,0.0745918582305086,0.272223743618032,0.638303181534623,0.010326062,0.295833488,-1.2,1.618382683,-162.6,0.0,0.0,19.843342519712,0.309384670371128,0.010320894,0,0.483243538,-2
83,M,5.74,131.2,6,-1,-1,131.8,0.117,0.001,0.882,0.0,0.0,18.406758412644,39.941545796004,0.0,0.0,0.467998186,0.544307698255334,0.151804089212012,0.562008048314312,0.594901451670011,0.020838179,0.064073457,3.51,0.802512644,-175.2,0.0,0.0,21.53478738336,0.577783514025125,0.021317829,-2,0.849558755,-3
84,K,9.74,128.2,-1,0,0,96.8,0.986,0.001,0.014,0.0,0.0,17.277168146128,32.282127811408,0.0,3.801401571,2.269053825,0.357939456520423,0.0078895946479385,0.105826033706631,0.0575545851528384,0.036466812,0.000854316,-4.18,1.62773651,-149.1,0.33499,0.0,15.00495966528,0.392502943912853,0.037407608,-1,0.02341816,1
85,D,2.77,115.1,-3,0,-2,134.6,0.99,0.002,0.009,0.0,0.0,13.97406563292,31.96994659292,0.0,1.781456415,1.525501188,0.250518315136289,0.0,0.0,0.0612227074235808,0.045816084,4.09e-05,-4.12,0.511884153,18.4,0.042993,0.0,17.99588096,0.16141994237172,0.047187669,1,0.000891224,-1
86,R,10.76,156.2,-1,1,5,93.2,0.037,0.963,0.0,0.0,0.0,16.63980016348,28.69607258268,0.0,0.742294784,1.134776421,0.54114901187431,0.0206858583780905,0.129133516893797,0.172139737991266,0.040513512,6.13e-06,-0.93,3.577135397,-107.9,0.23842,0.0,12.0562724192,0.565699415240431,0.041373716,0,0.006485724,-2
87,A,6.0,71.1,-1,-1,-1,90.7,0.009,0.991,0.0,0.0,0.0,12.21669191532,26.94737795084,0.0,2.112375687,1.766669226,0.0790782586300598,0.0059918097396269,0.168634020689108,0.128915891399279,0.050886088,4.68e-08,-0.22,0.537034747,53.7,0.091238,0.0,14.73068603552,0.0923948771811624,0.054533982,-1,0.000595986,0
88,S,5.68,87.1,-1,-1,-1,93.1,0.002,0.998,0.0,0.0,0.0,12.3316984096,24.6570667136,0.0,3.330339418,1.896223743,0.174974356933775,0.0062531721327056,0.145536534528449,0.277444465540156,0.037164519,8.83e-05,-2.84,1.309857471,50.6,0.0,0.0,12.325368304,0.128687506202169,0.040201911,0,0.112881635,0
89,A,6.0,71.1,-1,-1,-1,92.6,0.001,0.999,0.0,0.0,0.0,9.37232260412,21.93242799932,0.0,0.0,0.467998186,0.10889311475163,0.068999713175354,0.232214063435982,0.6,0.023442951,0.008159805,-0.22,0.537034747,52.4,0.0,0.0,12.5601053952,0.127230494672609,0.024833243,-2,1.0,0
90,E,3.22,129.1,-2,2,0,92.3,0.004,0.996,0.0,0.0,0.0,17.212020166844,28.380904762044,0.0,0.545848307,1.11796551,0.479749619165085,0.0016462259667288,0.0196860058255629,0.198230291886923,0.026466347,0.000112475,-3.64,0.47678474,52.6,0.016793,0.0,11.1688845952,0.3579961081768,0.028799351,0,0.075884285,-2
91,R,10.76,156.2,-1,2,5,91.7,0.011,0.989,0.0,0.0,0.0,4.7199266092,25.43364145416,0.0,1.885952319,1.400851363,0.62763869162286,0.0163467402992106,0.149772409834329,0.139650655021834,0.029396716,3.03e-07,-0.93,3.577135397,49.7,0.32289,0.0,20.71371484496,0.656112887656512,0.033035875,0,0.001503244,-2
92,A,6.0,71.1,-1,-1,-1,93.4,0.027,0.973,0.0,0.0,0.0,10.34489901352,29.2214334388,0.0,0.0,0.467998186,0.100745330183994,0.0869260824682508,0.214838950539569,0.496582494778811,0.017582213,7.88e-05,-0.22,0.537034747,50.1,0.0,0.0,18.87653442528,0.117710639690129,0.019515053,-2,0.022401919,0
93,C,5.05,103.1,-1,-3,-3,93.7,0.235,0.764,0.0,0.0,0.0,18.83453340662,37.03088851446,0.0,0.205738016,1.057771778,0.390993104992721,0.33610053146048,0.412584646749123,0.66957787481805,0.013721568,0.000118661,4.66,1.067631211,52.2,0.0,0.0,18.19635510784,0.386765364483851,0.015413737,-3,0.002032753,-3
94,K,9.74,128.2,-1,1,3,93.8,0.612,0.379,0.009,0.0,0.0,19.59638446692,38.92674288484,0.0,1.867413585,1.381445972,0.406105782602637,0.0052508001893433,0.120066573984173,0.0422270742358079,0.020745151,1.96e-07,-4.18,1.62773651,52.9,0.63515,0.0,19.33035841792,0.44532032528935,0.02429241,0,1.64e-05,-2
95,D,2.77,115.1,-3,0,-1,111.0,0.996,0.003,0.002,0.0,0.0,15.75924181564,41.221010967,0.0,0.541067294,1.113562617,0.269380632016419,0.0,0.0,0.0575545851528384,0.016419368,4.75e-07,-4.12,0.511884153,29.0,0.029412,0.0,25.46176915136,0.173573760754744,0.018162971,1,9.03e-06,-1
96,P,6.3,97.1,-2,-1,-2,96.7,0.997,0.002,0.001,0.0,0.0,18.327212562332,36.108961301532,0.0,0.03135024,0.548766146,0.272386747900011,0.050328272769678,0.183182339366046,0.19754555036892,0.012605237,1.44e-05,-3.03,0.178812671,-167.5,0.12637,0.00017000000000000348,17.7817487392,0.317195708200831,0.01293492,-2,0.001428779,-2
97,N,5.41,114.1,-2,0,-1,108.2,0.993,0.001,0.006,0.0,0.0,7.6997527352,25.559361108,0.0,0.0,0.467998186,0.276859951908027,0.006192501277337,0.0621818754263525,0.0651200873362446,0.021024234,2.16e-07,-2.65,1.610533641,76.4,0.078599,-0.023159999999999986,17.8596083728,0.231574249888435,0.020416441,6,1.2e-05,0
98,P,6.3,97.1,-3,-1,-2,104.3,0.969,0.006,0.025,0.0,0.0,11.66488712684,27.55145670796,0.0,0.0,0.467998186,0.166103302229889,0.0038620262627348,0.111705843670728,0.194579129649149,0.025629099,4.36e-06,-3.03,0.178812671,-165.0,0.0,0.0,15.88656958112,0.193428112753294,0.024968451,-2,5.74e-05,-2
99,I,6.02,113.2,1,-3,-3,123.7,0.195,0.001,0.804,0.0,0.0,9.89888364048,27.35527702064,0.0,0.659301774,0.615148979,0.280068115363427,0.069724898664855,0.419889961590366,0.300124766063631,0.047211498,3.59e-07,5.58,1.118789003,172.9,0.19312,0.0,17.45639338016,0.330669949565148,0.047638363,-3,1.58e-06,-4
100,I,6.02,113.2,1,-3,-3,121.6,0.054,0.0,0.946,0.0,0.0,7.2866224192,24.02730682048,0.0,0.022327484,0.476383083,0.281204294330418,0.144896274544287,0.421593369142457,0.597305053025577,0.040560026,7.84e-06,5.58,1.118789003,-172.5,0.0,0.0,16.74068440128,0.332011409806792,0.041463854,-3,0.000759232,-4
101,D,2.77,115.1,-3,0,-2,93.5,0.995,0.002,0.002,0.0,0.0,20.08052190128,32.83928204848,0.0,0.0,0.467998186,0.198815960892275,0.0,0.0,0.0669868995633188,0.066607749,1.45e-07,-4.12,0.301954559,-13.6,0.011136,-0.001510000000000001,12.7587601472,0.128105847001046,0.070533622,1,4.14e-07,-1
102,G,5.97,57.0,-3,-2,-2,94.0,0.998,0.001,0.001,0.0,0.0,13.22777121992,29.49452535528,0.0,0.0,0.467998186,0.0,0.0002020735910737,0.0726322563690488,0.0610480349344978,0.118982278,3.06e-08,-1.62,0.727279968,-48.1,0.23651,-0.0009600000000000164,16.26675413536,0.0,0.128537948,0,6.86e-08,6
103,R,10.76,156.2,-1,1,6,126.1,0.055,0.0,0.945,0.0,0.0,13.40255636652,33.02107079724,0.7999999999999972,0.0,0.467998186,0.38063994110825,0.0004489817364012,0.0908314959225553,0.155371179039301,0.078654821,7.61e-08,-0.93,3.577135397,111.9,0.0068905,-0.189407,19.61851443072,0.397908500943733,0.08283757,-1,4.11e-07,-2
104,K,9.74,128.2,-1,1,2,114.7,0.051,0.0,0.949,0.0,0.0,15.8225344026,33.6876120282,0.0,0.0,0.467998186,0.389830049880359,0.0151222228090855,0.115254597521976,0.216069868995633,0.050374436,3.75e-07,-4.18,1.62773651,-123.5,0.2002,-0.00015000000000001124,17.8650776256,0.427472969007553,0.051198846,0,2.58e-05,-2
105,A,6.0,71.1,-1,-1,-1,128.3,0.387,0.013,0.601,0.0,0.0,10.14758904584,33.2939175796,0.0,1.687449432,1.196027388,0.0990392615577001,0.142955432230853,0.211200767086777,0.695215492690336,0.024559282,0.000122009,-0.22,0.537034747,-174.9,0.0,0.0,23.14632853376,0.115717272563439,0.02433748,-2,0.001965397,0
106,N,5.41,114.1,-2,0,-1,112.6,0.491,0.012,0.497,-0.1786000000000001,0.72659,18.0196121310208,31.6232277307008,13.479999999999999,0.0,0.467998186,0.426123578154093,0.01988979416896,0.09570601696056,0.384825327510917,0.013116889,7.73e-05,-2.65,1.610533641,-136.6,0.0,-0.025255,13.60361559968,0.356422975915243,0.012709573,6,0.026336569,0
107,V,5.96,99.1,1,-2,-3,124.8,0.481,0.018,0.501,0.0,0.0,13.11736207508,34.74170450676,0.0,0.0,0.467998186,0.340005435719432,0.235492788284794,0.589329013449042,0.678701225524722,0.006093307,0.007986013,4.45,0.712900439,-170.3,0.0,0.0,21.62434243168,0.402827528692268,0.006129439,-3,0.267045529,-3
108,N,5.41,114.1,-2,0,-1,124.9,0.452,0.025,0.523,0.011199999999999877,0.0,17.805236561752,33.927807607192,0.0,0.0,0.467998186,0.488438842341278,0.0275052143900596,0.109701829529851,0.517740174672489,0.004930462,0.000719313,-2.65,1.610533641,-169.8,0.0,0.0,16.12257104544,0.408545395432028,0.005498468,6,0.017266882,0
109,L,5.98,113.2,2,-2,-2,113.3,0.423,0.061,0.516,0.02305999999999997,0.0,13.8355451046,30.54695143452,0.0,0.0,0.467998186,0.507164071350423,0.78328173374613,0.751451331748472,0.755612638068328,0.006930555,0.016205441,5.01,0.564168669,-128.7,0.0,0.0,16.71140632992,0.598796895094898,0.007301244,-4,0.03757756,-4
110,A,6.0,71.1,-1,-1,-1,115.2,0.611,0.08,0.309,-0.33903000000000005,2.0008999999999997,17.57809356428,33.83661879532,3.88,0.0,0.467998186,0.115304850809109,0.118135632237275,0.245887060915963,0.47607746345168,0.00613982,0.003034641,-0.22,0.459874767,-147.1,0.0,0.0,16.25852523104,0.13472195409283,0.006489995,-2,0.182655698,0
111,Y,5.66,163.2,-1,-2,-2,121.1,0.67,0.047,0.284,0.0,0.0,22.59531970772,32.48106197652,0.0,0.336726867,1.031605405,0.74329105319264,0.832272844135673,0.685760785917668,0.354756028099487,0.017163589,0.000113142,2.15,1.69400695,-135.6,0.029705,-8.800000000000474e-05,9.8857422688,0.74329105319264,0.017081305,-2,0.008284655,-3
112,L,5.98,113.2,2,-2,-2,108.1,0.911,0.024,0.064,0.0,0.0,11.46022670008,27.6148563532,0.0,0.018424266,0.498109472,0.379842644802361,0.307635291432955,0.562802606524501,0.185461083996918,0.017024048,7.72e-06,5.01,0.372429671,-100.3,0.16849,-0.04053000000000001,16.15462965312,0.448471430018025,0.018839012,-4,5.23e-05,-4
113,G,5.97,57.0,-3,-2,-2,99.1,0.967,0.025,0.008,0.0,0.0,7.4055573924,24.36606655144,14.150000000000002,0.182748647,0.923325367,0.0,0.0,0.0995985602960166,0.0339737991266376,0.020698637,5.68e-06,-1.62,0.727279968,19.5,0.009815,-0.11512799999999998,16.96050915904,0.0,0.026455742,0,5.84e-05,6
114,A,6.0,71.1,-1,-1,-1,117.4,0.976,0.009,0.015,0.26019000000000003,0.35459,10.7643300842,25.3243602634,16.49,0.182748647,0.923325367,0.071135232398791,0.180439087229409,0.151695553997724,0.195424340231631,0.034187637,7.6e-06,-0.22,0.537034747,128.9,0.0,-0.070756,14.5600301792,0.0831142614240793,0.042680728,-2,4.74e-05,0
115,K,9.74,128.2,-1,1,2,117.6,0.962,0.002,0.036,0.15325,0.13377,11.44592937032,25.5608748564,27.519999999999996,0.182748647,0.923325367,0.25799661482991,0.109119739179821,0.0762775881781808,0.0339737991266376,0.099353458,6.43e-07,-4.18,1.62773651,-135.9,0.37049,-0.6302699999999999,14.11494548608,0.282909383124999,0.146295295,0,1.09e-06,-2
116,P,6.3,97.1,-3,-1,-2,111.4,0.945,0.038,0.017,0.0,0.0,5.3920820204,16.1763235596,0.0,0.182748647,0.923325367,0.101838048846728,0.117802588796271,0.0684869295883123,0.0571751242282789,0.176240755,1.45e-07,-3.03,0.593084804,-105.3,0.45787,0.02661999999999999,10.7842415392,0.118590908973247,0.24242834,-2,3.05e-07,-2
117,R,10.76,156.2,-1,1,6,112.7,0.923,0.06,0.016,0.0,0.0,12.3053289174,24.1382072566,0.0,0.182748647,0.923325367,0.168323328814829,0.0836584667045292,0.0401667247803798,0.0252401746724891,0.279733941,5.8e-08,-0.93,2.461590932,-122.6,1.1616,0.03317000000000003,11.8328783392,0.175959683178702,0.471606274,-1,1.07e-07,-2
118,T,5.66,101.1,-2,-1,-1,109.7,0.886,0.099,0.016,0.0,0.0,17.359693256044,25.410349704044,45.160000000000004,4.22609316,2.18701758,0.045074901285199,0.0907341997919707,0.0346274742683826,0.120274485339988,0.163077352,4.58e-07,-1.2,1.618382683,-144.9,0.06763,-0.06299600000000001,8.050656448,0.0393544279787013,0.227375158,2,1.15e-06,3
119,N,5.41,114.1,-2,0,-1,105.8,0.927,0.062,0.01,0.0,0.0,5.564388048,16.9567612544,13.709999999999997,3.974090018,2.238454129,0.0263057271420578,0.0,0.0059081836750822,0.037117903930131,0.181171217,3.98e-07,-2.65,1.610533641,-158.7,0.44661,-0.11551,11.3923732064,0.0220029259873438,0.187353524,6,1.19e-06,-1
120,V,5.96,99.1,1,-2,-2,108.0,0.941,0.043,0.016,0.0,0.0,10.99468972804,20.49108876164,0.4900000000000091,4.753776778,2.696175841,0.0196313442483444,0.066589563058519,0.0340268699354037,0.105676855895197,0.225591888,2.6e-06,4.45,0.712900439,141.9,0.14764,-0.20648,9.4963990336,0.0232585866509304,0.219262665,-3,1.02e-05,-3
121,Q,5.65,128.1,-1,5,1,110.7,0.995,0.003,0.001,0.0,0.0,7.1763079444,17.9894357268,2.8799999999999955,2.023425823,1.445599905,0.0,0.0,0.0,0.0,1.0,3.82e-07,-2.76,1.370777902,159.9,1.3261,-0.10858000000000001,10.8131277824,0.0,1.0,0,1.1e-06,-2
